序号,帖子链接
1,https://www.xiaohongshu.com/explore/6906e12b0000000007000fc9
2,https://www.xiaohongshu.com/explore/6916ebc30000000007020217
3,https://www.xiaohongshu.com/explore/694eb067000000002103efd3
4,https://www.xiaohongshu.com/explore/68fed193000000000303711f
5,https://www.xiaohongshu.com/explore/694e2cfb000000002202e86d
6,https://www.xiaohongshu.com/explore/693e1dec000000001e0339af
7,https://www.xiaohongshu.com/explore/693e2d8b0000000019024609
8,https://www.xiaohongshu.com/explore/691e58e9000000001d03b149
9,https://www.xiaohongshu.com/explore/694f9f1f000000002103d4dd
10,https://www.xiaohongshu.com/explore/694cd8a8000000002103e0a7
11,https://www.xiaohongshu.com/explore/68f37a260000000007009830
12,https://www.xiaohongshu.com/explore/692606f2000000001f0068db
13,https://www.xiaohongshu.com/explore/68e84c35000000000303581a
14,https://www.xiaohongshu.com/explore/692bcb1e0000000019027852
15,https://www.xiaohongshu.com/explore/694a876d000000000d039ad8
16,https://www.xiaohongshu.com/explore/693cd4f800000000190277a1
17,https://www.xiaohongshu.com/explore/68cd60db000000001203ec6f
18,https://www.xiaohongshu.com/explore/693ab5e3000000001e01455e
19,https://www.xiaohongshu.com/explore/690af1790000000007039455
20,https://www.xiaohongshu.com/explore/68a85683000000001d013902
21,https://www.xiaohongshu.com/explore/694d4037000000001e013b75
22,https://www.xiaohongshu.com/explore/68d201b80000000012032d1e
23,https://www.xiaohongshu.com/explore/694dda47000000001e0390b5
24,https://www.xiaohongshu.com/explore/693544a9000000001e02446f
25,https://www.xiaohongshu.com/explore/694d1a5b000000001e024521
26,https://www.xiaohongshu.com/explore/694e6771000000001e0155df
27,https://www.xiaohongshu.com/explore/69313f94000000001e00d907
28,https://www.xiaohongshu.com/explore/694f914e000000001e02bef1
29,https://www.xiaohongshu.com/explore/694f4ce7000000002103ea3b
30,https://www.xiaohongshu.com/explore/693e876b000000001e0204ce
31,https://www.xiaohongshu.com/explore/69440cf00000000019024f33
32,https://www.xiaohongshu.com/explore/694cb92b000000001f0053ca
33,https://www.xiaohongshu.com/explore/692b2371000000001e021f45
34,https://www.xiaohongshu.com/explore/6946a9f4000000001e028162
35,https://www.xiaohongshu.com/explore/694fa3f9000000001e039d43
36,https://www.xiaohongshu.com/explore/694f72ae000000002202ccc9
37,https://www.xiaohongshu.com/explore/694fa64e000000001e015429
38,https://www.xiaohongshu.com/explore/68db45d00000000013028345
39,https://www.xiaohongshu.com/explore/69367e6f000000001e035040
40,https://www.xiaohongshu.com/explore/694e6a0e000000001e001bcd
41,https://www.xiaohongshu.com/explore/690370830000000004001c0b
42,https://www.xiaohongshu.com/explore/68c3ade5000000001b01d96d
43,https://www.xiaohongshu.com/explore/694fabe2000000001e0395cb
44,https://www.xiaohongshu.com/explore/694f898700000000220325cb
45,https://www.xiaohongshu.com/explore/6946a603000000001f00d1b9
46,https://www.xiaohongshu.com/explore/694f1ce0000000001e009a5a
47,https://www.xiaohongshu.com/explore/68db912f000000000703448a
48,https://www.xiaohongshu.com/explore/68d8ee520000000013017437
49,https://www.xiaohongshu.com/explore/694d1ae70000000022031ade
50,https://www.xiaohongshu.com/explore/694f7ec2000000001f008c70
51,https://www.xiaohongshu.com/explore/68bd9c00000000001b01f086
52,https://www.xiaohongshu.com/explore/694fa765000000002103ccd0
53,https://www.xiaohongshu.com/explore/694c0297000000001f008d44
54,https://www.xiaohongshu.com/explore/6937a4fb000000001e002397
55,https://www.xiaohongshu.com/explore/694f4dd6000000002103ef7d
56,https://www.xiaohongshu.com/explore/694f929e000000001e01589f
57,https://www.xiaohongshu.com/explore/68d66289000000001400b6d0
58,https://www.xiaohongshu.com/explore/69493b6d000000001b0206bd
59,https://www.xiaohongshu.com/explore/694f38b0000000001e03beec
60,https://www.xiaohongshu.com/explore/694fa912000000001f00a9ac
61,https://www.xiaohongshu.com/explore/688df4400000000004006bfb
62,https://www.xiaohongshu.com/explore/694f7ab6000000001e02abc1
63,https://www.xiaohongshu.com/explore/68c7d997000000001d00543b
64,https://www.xiaohongshu.com/explore/68d8bd51000000001300a89f
65,https://www.xiaohongshu.com/explore/694fa239000000001e010f87
66,https://www.xiaohongshu.com/explore/694dfa98000000001e02945d
67,https://www.xiaohongshu.com/explore/68a223b3000000001b021bfa
68,https://www.xiaohongshu.com/explore/69423559000000001e039c47
69,https://www.xiaohongshu.com/explore/6946430d000000001b03377f
70,https://www.xiaohongshu.com/explore/68eb8cd600000000030343fd
71,https://www.xiaohongshu.com/explore/694cb58000000000210303ce
72,https://www.xiaohongshu.com/explore/690981100000000004015aac
73,https://www.xiaohongshu.com/explore/694f92e4000000001e0012ec
74,https://www.xiaohongshu.com/explore/694e4ddf000000001e033bf5
75,https://www.xiaohongshu.com/explore/6943fed0000000001e03befb
76,https://www.xiaohongshu.com/explore/694f9b170000000021031b84
77,https://www.xiaohongshu.com/explore/694fa472000000001e023681
78,https://www.xiaohongshu.com/explore/6913eeea0000000003023fcd
79,https://www.xiaohongshu.com/explore/69298255000000001d03ee8f
80,https://www.xiaohongshu.com/explore/694fa74c000000001f009cdf
81,https://www.xiaohongshu.com/explore/6948a08b000000001d038641
82,https://www.xiaohongshu.com/explore/68d2a6be0000000013013488
83,https://www.xiaohongshu.com/explore/692ea7c2000000001d03e14f
84,https://www.xiaohongshu.com/explore/6947ef10000000000d039d83
85,https://www.xiaohongshu.com/explore/693fe524000000000d03b909
86,https://www.xiaohongshu.com/explore/694536d3000000000d0365da
87,https://www.xiaohongshu.com/explore/694fa5fa000000001e007e34
88,https://www.xiaohongshu.com/explore/688889710000000022021d51
89,https://www.xiaohongshu.com/explore/6880cc750000000010024eae
90,https://www.xiaohongshu.com/explore/68c3c195000000001d01e858
91,https://www.xiaohongshu.com/explore/694f8922000000001e01604a
92,https://www.xiaohongshu.com/explore/694ce64d000000001e0232fd
93,https://www.xiaohongshu.com/explore/694f71ec000000001e02b3c2
94,https://www.xiaohongshu.com/explore/692ee0f5000000000d03b35b
95,https://www.xiaohongshu.com/explore/693598b8000000001e003321
96,https://www.xiaohongshu.com/explore/694cb960000000001d03d2f0
97,https://www.xiaohongshu.com/explore/694bc9e2000000001d03ce34
98,https://www.xiaohongshu.com/explore/694e60e4000000001e029f65
99,https://www.xiaohongshu.com/explore/6940e3e6000000001e016689
100,https://www.xiaohongshu.com/explore/694f7c2f0000000021031b85
101,https://www.xiaohongshu.com/explore/694d50f1000000001f0086e4
102,https://www.xiaohongshu.com/explore/69469389000000001e02a8d5
103,https://www.xiaohongshu.com/explore/693d03c8000000001e011c43
104,https://www.xiaohongshu.com/explore/694d608e000000002202e669
105,https://www.xiaohongshu.com/explore/69156b12000000000d03ad89
106,https://www.xiaohongshu.com/explore/694e1dc1000000001f00cb75
107,https://www.xiaohongshu.com/explore/694fa077000000001f00d696
108,https://www.xiaohongshu.com/explore/694f9763000000001e021b5b
109,https://www.xiaohongshu.com/explore/694fad2f000000002203804a
110,https://www.xiaohongshu.com/explore/694f96bc000000001d03a0f5
111,https://www.xiaohongshu.com/explore/68aeb7ec000000001b0231c5
112,https://www.xiaohongshu.com/explore/694e96f6000000001f0058a8
113,https://www.xiaohongshu.com/explore/69155200000000000d00d831
114,https://www.xiaohongshu.com/explore/694cbd7d000000001e00a478
115,https://www.xiaohongshu.com/explore/68a89f77000000001b03552a
116,https://www.xiaohongshu.com/explore/694fa72d000000002103cb53
117,https://www.xiaohongshu.com/explore/69423952000000001e003b23
118,https://www.xiaohongshu.com/explore/6919d91100000000190277f4
119,https://www.xiaohongshu.com/explore/694fa668000000001f006ae1
120,https://www.xiaohongshu.com/explore/694b7507000000000d038523
121,https://www.xiaohongshu.com/explore/68c8b5b1000000001d034bfb
122,https://www.xiaohongshu.com/explore/69363b9f000000001b0268c0
123,https://www.xiaohongshu.com/explore/694f9d58000000001f00c13f
124,https://www.xiaohongshu.com/explore/69481cb3000000001e016da0
125,https://www.xiaohongshu.com/explore/694f43f20000000022022f4a
126,https://www.xiaohongshu.com/explore/68b5934b000000001d015443
127,https://www.xiaohongshu.com/explore/694605a0000000001d0397bd
128,https://www.xiaohongshu.com/explore/693bc623000000001b022771
129,https://www.xiaohongshu.com/explore/68e09d2d0000000004003cd4
130,https://www.xiaohongshu.com/explore/694f8611000000001e022953
131,https://www.xiaohongshu.com/explore/687af2b00000000022032943
132,https://www.xiaohongshu.com/explore/694b5a12000000001d03cc8b
133,https://www.xiaohongshu.com/explore/694fa481000000002103f8c6
134,https://www.xiaohongshu.com/explore/694fa77f000000001e036fd0
135,https://www.xiaohongshu.com/explore/694fa89e000000001e004f82
136,https://www.xiaohongshu.com/explore/694690ea000000001b032ece
137,https://www.xiaohongshu.com/explore/6937ff6a000000000d03a2cd
138,https://www.xiaohongshu.com/explore/694f3f62000000001e03272f
139,https://www.xiaohongshu.com/explore/6947b2d4000000001e000b0e
140,https://www.xiaohongshu.com/explore/694f9b0e000000001e014c46
141,https://www.xiaohongshu.com/explore/69422d9e000000001e027502
142,https://www.xiaohongshu.com/explore/69458e59000000001e028164
143,https://www.xiaohongshu.com/explore/691ac372000000000700dfc0
144,https://www.xiaohongshu.com/explore/694f4d59000000001e000b57
145,https://www.xiaohongshu.com/explore/694aa778000000001b024d03
146,https://www.xiaohongshu.com/explore/69156444000000000d038af1
147,https://www.xiaohongshu.com/explore/68adacd5000000001d00ad63
148,https://www.xiaohongshu.com/explore/694fab3b000000001e006050
149,https://www.xiaohongshu.com/explore/68fb50cf0000000004000530
150,https://www.xiaohongshu.com/explore/6941364d000000001b0237b5
151,https://www.xiaohongshu.com/explore/68f5e00e00000000040172f5
152,https://www.xiaohongshu.com/explore/68d3cddc000000000b010823
153,https://www.xiaohongshu.com/explore/694f9e90000000001d03e2f2
154,https://www.xiaohongshu.com/explore/694e58f70000000022022cff
155,https://www.xiaohongshu.com/explore/6885f913000000002400f109
156,https://www.xiaohongshu.com/explore/68ce757e000000001400b0d4
157,https://www.xiaohongshu.com/explore/694d182d000000001f0095e0
158,https://www.xiaohongshu.com/explore/694e729a000000002103d6dd
159,https://www.xiaohongshu.com/explore/693de49d000000001e035e04
160,https://www.xiaohongshu.com/explore/68872911000000000b01d0c2
161,https://www.xiaohongshu.com/explore/6908b0bc0000000005003334
162,https://www.xiaohongshu.com/explore/694c10c3000000001b023b64
163,https://www.xiaohongshu.com/explore/6948eea8000000001e02d05d
164,https://www.xiaohongshu.com/explore/693ebdc2000000001902682d
165,https://www.xiaohongshu.com/explore/694f11b4000000002103edea
166,https://www.xiaohongshu.com/explore/694f5808000000001d03cfb6
167,https://www.xiaohongshu.com/explore/694fa8f5000000001d03e68b
168,https://www.xiaohongshu.com/explore/6926be9d000000001e00b6bd
169,https://www.xiaohongshu.com/explore/693e919f000000001e00426b
170,https://www.xiaohongshu.com/explore/694f6757000000002103c263
171,https://www.xiaohongshu.com/explore/694d47d50000000021028932
172,https://www.xiaohongshu.com/explore/694e9669000000001e001ec4
173,https://www.xiaohongshu.com/explore/69401be6000000001e020019
174,https://www.xiaohongshu.com/explore/6914896f0000000005033126
175,https://www.xiaohongshu.com/explore/694de807000000002202f115
176,https://www.xiaohongshu.com/explore/694f23c1000000002102afbd
177,https://www.xiaohongshu.com/explore/694fab9a000000001e017683
178,https://www.xiaohongshu.com/explore/68a450ef000000001c030b00
179,https://www.xiaohongshu.com/explore/694c4271000000001e00a502
180,https://www.xiaohongshu.com/explore/692d8b3f000000001e00bc74
181,https://www.xiaohongshu.com/explore/69493312000000001e0028d1
182,https://www.xiaohongshu.com/explore/691ae7700000000007032521
183,https://www.xiaohongshu.com/explore/694dabbb000000002202c7cd
184,https://www.xiaohongshu.com/explore/694e6215000000001f00ae42
185,https://www.xiaohongshu.com/explore/694eb8a2000000002202d9ee
186,https://www.xiaohongshu.com/explore/694fa0fe000000001d03f25e
187,https://www.xiaohongshu.com/explore/694159af000000000d03ce5b
188,https://www.xiaohongshu.com/explore/69300812000000001e026c36
189,https://www.xiaohongshu.com/explore/694f4f7a000000001e024114
190,https://www.xiaohongshu.com/explore/6919beef000000000701796a
191,https://www.xiaohongshu.com/explore/690624a1000000000302186f
192,https://www.xiaohongshu.com/explore/694cadc9000000001e012a7a
193,https://www.xiaohongshu.com/explore/694fa5de000000001e008814
194,https://www.xiaohongshu.com/explore/694e79f6000000001d03c2c3
195,https://www.xiaohongshu.com/explore/694a2578000000000d00fb69
196,https://www.xiaohongshu.com/explore/694e4325000000001e023f88
197,https://www.xiaohongshu.com/explore/69148083000000000d0359dc
198,https://www.xiaohongshu.com/explore/6943be17000000001e00582b
199,https://www.xiaohongshu.com/explore/693916ac000000001e013e0f
200,https://www.xiaohongshu.com/explore/694e7930000000002102adf2
201,https://www.xiaohongshu.com/explore/6911bfe50000000003021dd0
202,https://www.xiaohongshu.com/explore/694edeb0000000001e006bd8
203,https://www.xiaohongshu.com/explore/693ff8910000000019026886
